{"name":"Especies","identifier":"G62VVQF8Z1","description":null,"slotTypeValues":[{"synonyms":[{"value":"Dog"},{"value":"Cão"},{"value":"Cadela"},{"value":"Cachorra"},{"value":"Cachorrinho"},{"value":"Cachorrinha"}],"sampleValue":{"value":"Cachorro"}},{"synonyms":[{"value":"Cat"},{"value":"Gata"},{"value":"Gatinho"},{"value":"Gatinha"}],"sampleValue":{"value":"Gato"}},{"synonyms":[{"value":"Rato"},{"value":"Hamister"},{"value":"Ramister"},{"value":"Porquinho-da-índia"},{"value":"Porquinho da índia"},{"value":"Ratinho"}],"sampleValue":{"value":"Hamster"}},{"synonyms":[{"value":"Coelhinho"},{"value":"Lebre"}],"sampleValue":{"value":"Coelho"}}],"parentSlotTypeSignature":null,"valueSelectionSetting":{"resolutionStrategy":"TOP_RESOLUTION","regexFilter":null}}